{"cameraMode":{"drawMode":0,"name":"Shaded","section":"Shading Mode"},"sceneLighting":true,"audioPlay":false,"sceneViewState":{"m_AlwaysRefresh":false,"showFog":true,"showSkybox":true,"showFlares":true,"showImageEffects":true,"showParticleSystems":true,"showVisualEffectGraphs":true,"m_FxEnabled":true},"in2DMode":false,"pivot":{"x":21.090993881225587,"y":1.0377037525177003,"z":-0.7204208374023438},"rotation":{"x":0.03359086811542511,"y":0.01799161173403263,"z":-0.000562523549888283,"w":0.9993420243263245},"size":23.942344665527345,"orthographic":true}